<?xml version="1.0" encoding="UTF-8"?>
    <!DOCTYPE generatorConfiguration
      PUBLIC "-//mybatis.org//DTD MyBatis Generator Configuration 1.0//EN"
      "http://mybatis.org/dtd/mybatis-generator-config_1_0.dtd">
    <generatorConfiguration>
    <properties resource="config.properties"/>
    <!-- 数据库驱动 -->
        <context id="DB2Tables"  targetRuntime="MyBatis3">
            <commentGenerator>
                <property name="suppressDate" value="true"/>
                <!-- 是否去除自动生成的注释 true：是 ： false:否 -->
                <property name="suppressAllComments" value="false"/>
            </commentGenerator>
            <!-- 数据库链接URL, 用户名、密码 -->
            <jdbcConnection driverClass="${jdbc.driverClass}" connectionURL="${jdbc.url}" userId="${jdbc.user}" password="${jdbc.password}">
            </jdbcConnection>
            <javaTypeResolver>
                <property name="forceBigDecimals" value="false"/>
            </javaTypeResolver>
            <!-- 生成模型的包名和位置 -->
            <javaModelGenerator targetPackage="com.paascloud.provider.model.domain" targetProject="D:\git\liuzm-git\paascloud-git\paascloud-master\paascloud-generator\paascloud-generator-uac\src\main\java">
                <property name="enableSubPackages" value="true"/>
                <property name="trimStrings" value="true"/>
            </javaModelGenerator>
            <!-- 生成映射文件的包名和位置 -->
            <sqlMapGenerator targetPackage="mapper" targetProject="D:\git\liuzm-git\paascloud-git\paascloud-master\paascloud-generator\paascloud-generator-uac\src\main\resources">
                <property name="enableSubPackages" value="true"/>
            </sqlMapGenerator>
            <!-- 生成DAO的包名和位置 -->
            <javaClientGenerator type="XMLMAPPER" targetPackage="com.paascloud.provider.mapper" targetProject="D:\git\liuzm-git\paascloud-git\paascloud-master\paascloud-generator\paascloud-generator-uac\src\main\java">
                <property name="enableSubPackages" value="true"/>
            </javaClientGenerator>
            <!-- 要生成哪些表 -->
            <!--
            <table tableName="pc_uac_action" domainObjectName="UacAction"  enableCountByExample="false" enableUpdateByExample="false" enableDeleteByExample="false" enableSelectByExample="false" selectByExampleQueryId="false"></table>
            <table tableName="pc_uac_group" domainObjectName="UacGroup"  enableCountByExample="false" enableUpdateByExample="false" enableDeleteByExample="false" enableSelectByExample="false" selectByExampleQueryId="false"></table>
            <table tableName="pc_uac_log" domainObjectName="UacLog"  enableCountByExample="false" enableUpdateByExample="false" enableDeleteByExample="false" enableSelectByExample="false" selectByExampleQueryId="false"></table>
            <table tableName="pc_uac_role" domainObjectName="UacRole"  enableCountByExample="false" enableUpdateByExample="false" enableDeleteByExample="false" enableSelectByExample="false" selectByExampleQueryId="false"></table>
            -->
            <!--<table tableName="pc_uac_user_token" domainObjectName="UacUserToken"  enableCountByExample="false" enableUpdateByExample="false" enableDeleteByExample="false" enableSelectByExample="false" selectByExampleQueryId="false"></table>-->
            <table tableName="pc_mq_message_data" domainObjectName="MqMessageData"  enableCountByExample="false" enableUpdateByExample="false" enableDeleteByExample="false" enableSelectByExample="false" selectByExampleQueryId="false"></table>
        </context>
    </generatorConfiguration>