<?xml version="1.0" encoding="UTF-8"?>
<!DOCTYPE generatorConfiguration
        PUBLIC "-//mybatis.org//DTD MyBatis Generator Configuration 1.0//EN"
        "http://mybatis.org/dtd/mybatis-generator-config_1_0.dtd">

<generatorConfiguration>
  <properties resource="config.properties"/>

  <context id="Mysql" targetRuntime="MyBatis3Simple"
           defaultModelType="flat">
    <property name="beginningDelimiter" value="`"/>
    <property name="endingDelimiter" value="`"/>

    <plugin type="${mapper.plugin}">
      <property name="mappers" value="${mapper.Mapper}"/>
    </plugin>

    <jdbcConnection driverClass="${jdbc.driverClass}"
                    connectionURL="${jdbc.url}" userId="${jdbc.user}" password="${jdbc.password}">
    </jdbcConnection>

    <javaModelGenerator targetPackage="${targetModelPackage}"
                        targetProject="${targetJavaProject}"/>

    <sqlMapGenerator targetPackage="${targetXMLPackage}"
                     targetProject="${targetResourcesProject}"/>

    <javaClientGenerator targetPackage="${targetMapperPackage}"
                         targetProject="${targetJavaProject}" type="XMLMAPPER"/>

    <!-- 设置要生成代码的表 -->

    <!--
    <table tableName="pc_mdc_address" domainObjectName="MdcAddress">
        <generatedKey column="id" sqlStatement="Mysql" identity="true"/>
    </table>

    <table tableName="pc_mdc_product" domainObjectName="MdcProduct">
        <generatedKey column="id" sqlStatement="Mysql" identity="true"/>
    </table>

    <table tableName="pc_mdc_product_category" domainObjectName="MdcProductCategory">
        <generatedKey column="id" sqlStatement="Mysql" identity="true"/>
    </table>

    <table tableName="pc_mdc_dict" domainObjectName="MdcDict">
        <generatedKey column="id" sqlStatement="Mysql" identity="true"/>
    </table>

    <table tableName="pc_mdc_mq_consumer" domainObjectName="MdcMqConsumer">
        <generatedKey column="id" sqlStatement="Mysql" identity="true"/>
    </table>

    <table tableName="pc_mdc_mq_consumer_tag" domainObjectName="MdcMqConsumerTag">
        <generatedKey column="id" sqlStatement="Mysql" identity="true"/>
    </table>

    <table tableName="pc_mdc_mq_producer" domainObjectName="MdcMqProducer">
        <generatedKey column="id" sqlStatement="Mysql" identity="true"/>
    </table>

    <table tableName="pc_mdc_mq_tag" domainObjectName="MdcMqTag">
        <generatedKey column="id" sqlStatement="Mysql" identity="true"/>
    </table>
    <table tableName="pc_mdc_mq_topic" domainObjectName="MdcMqTopic">
        <generatedKey column="id" sqlStatement="Mysql" identity="true"/>
    </table>
    <table tableName="pc_mdc_exception_log" domainObjectName="MdcExceptionLog">
      <generatedKey column="id" sqlStatement="Mysql" identity="true"/>
    </table>
    -->
    <table tableName="pc_mdc_product_category" domainObjectName="MdcProductCategory">
      <generatedKey column="id" sqlStatement="Mysql" identity="true"/>
    </table>
    <table tableName="pc_mdc_product" domainObjectName="MdcProduct">
      <generatedKey column="id" sqlStatement="Mysql" identity="true"/>
    </table>
  </context>
</generatorConfiguration>